date;cod_ibge;Executivo;Legislativo;total
2018-04-01;2300101;61,56;3,59;65,15
2018-08-01;2300101;60,66;3,61;64,27
2018-12-01;2300101;60,36;3,66;64,02
2019-04-01;2300101;59,93;3,45;63,38
2019-08-01;2300101;60,91;3,32;64,23
2019-12-01;2300101;61,11;3,12;64,23
2020-04-01;2300101;64,31;3,14;67,45
2020-08-01;2300101;61,40;2,92;64,32
2020-12-01;2300101;61,45;2,85;64,30
2021-04-01;2300101;59,35;2,78;62,13
2018-04-01;2300150;73,31;4,29;77,60
2018-08-01;2300150;66,83;3,80;70,63
2018-12-01;2300150;53,18;3,05;56,23
2019-04-01;2300150;53,58;2,99;56,57
2019-08-01;2300150;51,88;2,85;54,73
2019-12-01;2300150;53,89;2,73;56,62
2020-04-01;2300150;53,35;2,68;56,03
2020-08-01;2300150;62,37;2,88;65,25
2020-12-01;2300150;68,23;2,89;71,12
2021-04-01;2300150;63,30;2,73;66,03
2018-04-01;2300200;53,82;2,14;55,96
2018-08-01;2300200;55,76;1,95;57,71
2018-12-01;2300200;57,72;1,87;59,59
2019-04-01;2300200;53,55;1,91;55,46
2019-08-01;2300200;53,62;2,13;55,75
2019-12-01;2300200;55,47;2,03;57,50
2020-04-01;2300200;56,19;2,09;58,28
2020-08-01;2300200;55,45;2,08;57,53
2020-12-01;2300200;56,81;2,06;58,87
2021-04-01;2300200;53,89;2,01;55,90
2018-04-01;2300309;36,65;1,82;38,47
2018-08-01;2300309;33,17;1,75;34,92
2018-12-01;2300309;47,58;2,64;50,22
2019-04-01;2300309;50,71;2,63;53,34
2019-08-01;2300309;49,87;2,42;52,29
2019-12-01;2300309;48,15;2,30;50,45
2020-04-01;2300309;49,02;2,29;51,31
2020-08-01;2300309;49,24;2,40;51,64
2020-12-01;2300309;47,11;2,31;49,42
2021-04-01;2300309;44,15;2,22;46,37
2018-04-01;2300408;43,67;2,79;46,46
2018-08-01;2300408;39,60;2,74;42,34
2018-12-01;2300408;30,72;2,26;32,98
2019-04-01;2300408;30,40;2,33;32,73
2019-08-01;2300408;30,75;2,39;33,14
2019-12-01;2300408;41,80;2,96;44,76
2020-04-01;2300408;46,82;2,95;49,77
2020-08-01;2300408;50,20;2,84;53,04
2020-12-01;2300408;52,55;2,94;55,49
2021-04-01;2300408;53,64;2,89;56,53
2018-04-01;2300507;48,93;4,41;53,34
2018-08-01;2300507;40,07;3,76;43,83
2018-12-01;2300507;42,68;3,48;46,16
2019-04-01;2300507;44,96;3,29;48,25
2019-08-01;2300507;46,08;3,21;49,29
2019-12-01;2300507;46,72;3,34;50,06
2021-04-01;2300507;45,51;3,05;48,56
2018-04-01;2300606;40,87;2,65;43,52
2018-08-01;2300606;49,50;2,59;52,09
2018-12-01;2300606;49,14;3,65;52,79
2021-04-01;2300606;51,11;3,00;54,11
2018-04-01;2300705;49,11;3,40;52,51
2018-08-01;2300705;49,24;3,24;52,48
2018-12-01;2300705;52,89;3,33;56,22
2019-04-01;2300705;50,93;3,10;54,03
2019-08-01;2300705;48,62;2,95;51,57
2019-12-01;2300705;47,51;2,70;50,21
2020-04-01;2300705;46,94;2,80;49,74
2020-08-01;2300705;47,73;2,95;50,68
2020-12-01;2300705;46,00;3,01;49,01
2021-04-01;2300705;47,15;2,74;49,89
2018-04-01;2300754;52,23;2,15;54,38
2018-08-01;2300754;50,66;2,17;52,83
2018-12-01;2300754;53,52;2,14;55,66
2019-04-01;2300754;53,14;2,06;55,20
2019-08-01;2300754;54,58;2,04;56,62
2019-12-01;2300754;42,87;1,63;44,50
2020-04-01;2300754;45,61;1,75;47,36
2020-08-01;2300754;48,80;1,82;50,62
2020-12-01;2300754;67,01;2,38;69,39
2021-04-01;2300754;65,29;2,27;67,56
2018-04-01;2300804;53,75;2,79;56,54
2018-08-01;2300804;50,44;2,63;53,07
2018-12-01;2300804;50,50;2,50;53,00
2021-04-01;2300804;49,11;1,98;51,09
2018-04-01;2300903;49,64;2,51;52,15
2018-08-01;2300903;62,91;3,05;65,96
2018-12-01;2300903;62,35;3,29;65,64
2019-04-01;2300903;60,18;3,34;63,52
2019-08-01;2300903;59,03;3,49;62,52
2019-12-01;2300903;51,58;3,37;54,95
2020-04-01;2300903;49,34;3,35;52,69
2020-08-01;2300903;44,90;3,19;48,09
2020-12-01;2300903;44,08;3,11;47,19
2021-04-01;2300903;47,44;3,10;50,54
2018-04-01;2301000;50,39;3,69;54,08
2018-08-01;2301000;50,06;3,62;53,68
2018-12-01;2301000;51,31;3,73;55,04
2019-04-01;2301000;50,79;3,63;54,42
2019-08-01;2301000;51,85;3,63;55,48
2019-12-01;2301000;51,00;3,50;54,50
2020-04-01;2301000;55,65;3,66;59,31
2020-08-01;2301000;56,25;3,54;59,79
2020-12-01;2301000;53,73;3,35;57,08
2021-04-01;2301000;51,13;3,06;54,19
2018-04-01;2301109;45,31;2,29;47,60
2018-08-01;2301109;42,91;2,15;45,06
2018-12-01;2301109;41,16;2,70;43,86
2019-04-01;2301109;41,47;2,67;44,14
2019-08-01;2301109;41,17;2,79;43,96
2019-12-01;2301109;32,30;2,12;34,42
2020-04-01;2301109;33,64;2,17;35,81
2020-08-01;2301109;35,39;2,08;37,47
2020-12-01;2301109;46,33;2,65;48,98
2021-04-01;2301109;41,32;2,55;43,87
2018-04-01;2301208;53,76;2,80;56,56
2018-08-01;2301208;50,28;2,59;52,87
2018-12-01;2301208;50,93;2,43;53,36
2019-04-01;2301208;51,72;2,35;54,07
2019-08-01;2301208;53,40;2,39;55,79
2019-12-01;2301208;53,76;2,47;56,23
2020-04-01;2301208;56,16;2,41;58,57
2020-08-01;2301208;57,13;2,36;59,49
2020-12-01;2301208;62,81;2,32;65,13
2021-04-01;2301208;60,22;2,19;62,41
2018-04-01;2301307;41,42;1,68;43,10
2018-08-01;2301307;43,10;1,78;44,88
2018-12-01;2301307;42,68;1,78;44,46
2019-04-01;2301307;57,90;2,38;60,28
2019-08-01;2301307;60,28;2,47;62,75
2019-12-01;2301307;59,71;2,41;62,12
2020-04-01;2301307;61,21;2,47;63,68
2020-08-01;2301307;60,17;2,47;62,64
2020-12-01;2301307;62,66;2,67;65,33
2021-04-01;2301307;61,99;2,50;64,49
2018-04-01;2301406;43,47;1,65;45,12
2018-08-01;2301406;44,86;1,65;46,51
2018-12-01;2301406;66,83;2,53;69,36
2019-04-01;2301406;53,78;2,51;56,29
2019-08-01;2301406;50,60;2,70;53,30
2019-12-01;2301406;45,10;2,59;47,69
2020-04-01;2301406;46,78;2,73;49,51
2020-08-01;2301406;46,56;2,65;49,21
2020-12-01;2301406;49,90;2,62;52,52
2021-04-01;2301406;48,73;2,55;51,28
2018-04-01;2301505;43,77;2,48;46,25
2018-08-01;2301505;46,25;2,24;48,49
2018-12-01;2301505;46,01;2,24;48,25
2018-04-01;2301604;49,79;1,89;51,68
2018-08-01;2301604;48,11;1,79;49,90
2018-12-01;2301604;53,64;2,01;55,65
2019-04-01;2301604;54,04;1,96;56,00
2019-08-01;2301604;54,09;1,99;56,08
2019-12-01;2301604;48,46;1,89;50,35
2020-04-01;2301604;48,57;1,89;50,46
2020-08-01;2301604;46,44;1,80;48,24
2020-12-01;2301604;49,09;1,89;50,98
2021-04-01;2301604;49,93;1,81;51,74
2020-04-01;2301703;53,30;2,44;55,74
2020-08-01;2301703;47,71;2,20;49,91
2020-12-01;2301703;49,75;2,15;51,90
2021-04-01;2301703;49,51;2,93;52,44
2018-04-01;2301802;60,36;3,58;63,94
2018-08-01;2301802;61,35;3,61;64,96
2018-12-01;2301802;49,08;2,78;51,86
2020-04-01;2301802;66,72;3,55;70,27
2020-08-01;2301802;67,68;3,60;71,28
2020-12-01;2301802;70,50;3,44;73,94
2021-04-01;2301802;66,95;3,47;70,42
2018-04-01;2301851;62,11;3,34;65,45
2018-08-01;2301851;59,02;3,30;62,32
2018-12-01;2301851;59,11;3,29;62,40
2019-04-01;2301851;58,17;0,77;58,94
2019-08-01;2301851;57,37;1,57;58,94
2019-12-01;2301851;53,98;1,75;55,73
2020-04-01;2301851;49,83;2,15;51,98
2020-08-01;2301851;49,32;2,27;51,59
2020-12-01;2301851;51,51;2,47;53,98
2021-04-01;2301851;52,10;2,52;54,62
2018-04-01;2301901;35,82;1,31;37,13
2018-08-01;2301901;41,42;1,54;42,96
2018-12-01;2301901;41,24;1,56;42,80
2019-04-01;2301901;40,46;1,56;42,02
2019-08-01;2301901;41,49;1,59;43,08
2019-12-01;2301901;40,11;1,54;41,65
2020-04-01;2301901;;1,46;
2020-08-01;2301901;33,14;1,29;34,43
2020-12-01;2301901;35,82;1,36;37,18
2021-04-01;2301901;36,01;1,32;37,33
2021-04-01;2301950;52,01;2,51;54,52
2018-04-01;2302008;55,99;2,86;58,85
2018-08-01;2302008;54,84;2,65;57,49
2018-12-01;2302008;56,81;2,52;59,33
2019-04-01;2302008;57,80;2,64;60,44
2019-08-01;2302008;60,13;2,67;62,80
2019-12-01;2302008;57,43;2,46;59,89
2020-04-01;2302008;60,52;2,30;62,82
2020-08-01;2302008;59,19;2,13;61,32
2020-12-01;2302008;66,37;2,16;68,53
2021-04-01;2302008;64,14;2,15;66,29
2018-04-01;2302057;52,27;2,56;54,83
2018-08-01;2302057;53,15;2,56;55,71
2018-12-01;2302057;53,50;0,03;53,53
2019-04-01;2302057;51,18;2,01;53,19
2019-08-01;2302057;52,11;2,16;54,27
2019-12-01;2302057;50,95;2,34;53,29
2020-04-01;2302057;53,35;2,46;55,81
2020-08-01;2302057;53,64;2,42;56,06
2020-12-01;2302057;53,72;2,40;56,12
2021-04-01;2302057;50,78;2,36;53,14
2018-04-01;2302107;57,62;2,69;60,31
2018-08-01;2302107;53,98;2,60;56,58
2018-12-01;2302107;53,76;2,63;56,39
2019-04-01;2302107;53,95;2,55;56,50
2019-08-01;2302107;55,20;2,49;57,69
2019-12-01;2302107;51,43;2,41;53,84
2020-04-01;2302107;51,09;2,40;53,49
2020-08-01;2302107;46,31;2,25;48,56
2020-12-01;2302107;48,75;2,23;50,98
2018-04-01;2302206;62,45;2,43;64,88
2018-08-01;2302206;59,64;2,35;61,99
2018-12-01;2302206;60,59;2,36;62,95
2019-04-01;2302206;57,85;2,27;60,12
2019-08-01;2302206;58,17;2,25;60,42
2019-12-01;2302206;59,42;2,28;61,70
2020-04-01;2302206;;2,34;
2020-08-01;2302206;59,39;2,29;61,68
2020-12-01;2302206;63,19;2,30;65,49
2021-04-01;2302206;61,31;2,41;63,72
2018-04-01;2302305;71,88;2,86;74,74
2018-08-01;2302305;68,16;27,17;95,33
2018-12-01;2302305;70,96;2,57;73,53
2019-04-01;2302305;65,62;2,50;68,12
2019-08-01;2302305;71,17;2,55;73,72
2019-12-01;2302305;64,07;2,66;66,73
2020-04-01;2302305;68,24;2,72;70,96
2020-08-01;2302305;60,92;2,78;63,70
2020-12-01;2302305;62,62;2,78;65,40
2021-04-01;2302305;61,61;2,72;64,33
2018-04-01;2302404;66,36;2,92;69,28
2018-08-01;2302404;59,88;2,71;62,59
2018-12-01;2302404;63,39;2,67;66,06
2019-04-01;2302404;59,67;2,53;62,20
2019-08-01;2302404;59,16;2,43;61,59
2019-12-01;2302404;53,99;2,27;56,26
2020-04-01;2302404;53,96;2,31;56,27
2020-08-01;2302404;54,18;2,25;56,43
2020-12-01;2302404;59,20;2,42;61,62
2021-04-01;2302404;59,04;2,32;61,36
2018-04-01;2302503;40,33;1,70;42,03
2018-08-01;2302503;53,52;2,25;55,77
2018-12-01;2302503;53,80;1,74;55,54
2019-04-01;2302503;49,54;2,02;51,56
2019-08-01;2302503;47,44;1,97;49,41
2019-12-01;2302503;45,08;1,90;46,98
2020-04-01;2302503;41,76;1,92;43,68
2020-08-01;2302503;45,42;1,77;47,19
2020-12-01;2302503;47,09;1,72;48,81
2021-04-01;2302503;43,01;1,68;44,69
2018-04-01;2302602;43,94;2,24;46,18
2018-08-01;2302602;39,96;2,31;42,27
2018-12-01;2302602;42,05;2,45;44,50
2019-04-01;2302602;42,31;2,48;44,79
2019-08-01;2302602;42,48;2,48;44,96
2019-12-01;2302602;44,74;2,51;47,25
2020-04-01;2302602;48,27;2,41;50,68
2020-08-01;2302602;46,16;2,30;48,46
2020-12-01;2302602;47,12;2,23;49,35
2021-04-01;2302602;44,21;2,16;46,37
2018-04-01;2302701;26,89;1,97;28,86
2018-08-01;2302701;45,08;1,80;46,88
2018-12-01;2302701;46,31;2,50;48,81
2019-04-01;2302701;46,92;2,52;49,44
2019-08-01;2302701;47,51;2,32;49,83
2019-12-01;2302701;48,92;2,33;51,25
2020-04-01;2302701;47,31;2,25;49,56
2020-08-01;2302701;47,02;2,19;49,21
2020-12-01;2302701;49,57;2,17;51,74
2021-04-01;2302701;158,44;2,10;160,54
2018-04-01;2302800;52,17;1,36;53,53
2018-08-01;2302800;50,72;1,32;52,04
2018-12-01;2302800;53,92;1,49;55,41
2019-04-01;2302800;52,96;1,35;54,31
2019-08-01;2302800;54,54;1,46;56,00
2019-12-01;2302800;65,21;1,70;66,91
2020-04-01;2302800;65,45;1,68;67,13
2020-08-01;2302800;64,48;1,58;66,06
2020-12-01;2302800;65,70;1,55;67,25
2021-04-01;2302800;63,56;1,53;65,09
2018-04-01;2302909;57,24;3,03;60,27
2018-08-01;2302909;58,13;3,06;61,19
2018-12-01;2302909;57,52;3,21;60,73
2019-04-01;2302909;60,47;;
2019-08-01;2302909;60,76;3,59;64,35
2019-12-01;2302909;57,63;3,18;60,81
2020-04-01;2302909;59,13;1,96;61,09
2020-08-01;2302909;59,91;2,73;62,64
2020-12-01;2302909;59,58;3,06;62,64
2021-04-01;2302909;58,83;3,01;61,84
2018-04-01;2303006;43,80;2,74;46,54
2018-08-01;2303006;44,06;2,76;46,82
2018-12-01;2303006;31,27;;
2019-04-01;2303006;30,34;7,59;37,93
2019-08-01;2303006;30,72;3,54;34,26
2019-12-01;2303006;43,87;2,53;46,40
2020-04-01;2303006;44,28;2,47;46,75
2020-08-01;2303006;41,61;2,33;43,94
2020-12-01;2303006;41,12;2,40;43,52
2021-04-01;2303006;41,16;2,35;43,51
2018-04-01;2303105;53,22;2,91;56,13
2018-08-01;2303105;49,66;2,98;52,64
2018-12-01;2303105;51,88;2,78;54,66
2019-04-01;2303105;49,87;2,74;52,61
2019-08-01;2303105;49,07;2,81;51,88
2019-12-01;2303105;46,03;2,92;48,95
2020-04-01;2303105;47,27;2,99;50,26
2020-08-01;2303105;52,09;3,08;55,17
2020-12-01;2303105;55,79;3,09;58,88
2021-04-01;2303105;53,08;2,90;55,98
2018-04-01;2303204;67,27;2,57;69,84
2018-08-01;2303204;58,21;2,45;60,66
2018-12-01;2303204;52,78;2,38;55,16
2020-04-01;2303204;55,22;2,18;57,40
2020-08-01;2303204;51,69;2,01;53,70
2020-12-01;2303204;54,66;2,02;56,68
2021-04-01;2303204;53,53;2,54;56,07
2018-04-01;2303402;58,90;3,35;62,25
2018-08-01;2303402;57,99;3,20;61,19
2018-12-01;2303402;61,79;3,54;65,33
2019-04-01;2303402;56,63;3,32;59,95
2019-08-01;2303402;53,92;3,14;57,06
2019-12-01;2303402;53,99;2,92;56,91
2020-04-01;2303402;56,30;2,85;59,15
2020-08-01;2303402;60,67;2,77;63,44
2020-12-01;2303402;63,29;2,70;65,99
2021-04-01;2303402;63,57;2,65;66,22
2018-04-01;2303501;51,78;1,71;53,49
2018-08-01;2303501;50,93;1,67;52,60
2018-12-01;2303501;50,86;1,64;52,50
2019-04-01;2303501;49,33;1,58;50,91
2019-08-01;2303501;49,24;1,67;50,91
2019-12-01;2303501;49,80;1,67;51,47
2020-04-01;2303501;53,87;1,72;55,59
2020-08-01;2303501;53,46;1,60;55,06
2020-12-01;2303501;53,94;1,68;55,62
2021-04-01;2303501;51,39;1,57;52,96
2018-04-01;2303600;42,39;2,60;44,99
2018-08-01;2303600;54,81;3,21;58,02
2018-12-01;2303600;53,36;3,10;56,46
2019-04-01;2303600;52,23;2,95;55,18
2019-08-01;2303600;53,67;3,02;56,69
2019-12-01;2303600;53,71;3,17;56,88
2020-04-01;2303600;59,12;3,20;62,32
2020-08-01;2303600;52,46;2,97;55,43
2020-12-01;2303600;53,94;3,08;57,02
2021-04-01;2303600;53,47;2,93;56,40
2018-04-01;2303659;53,88;2,59;56,47
2018-08-01;2303659;59,75;;
2018-12-01;2303659;60,30;;
2019-04-01;2303659;68,09;2,76;70,85
2019-08-01;2303659;58,39;3,19;61,58
2019-12-01;2303659;60,02;2,50;62,52
2020-04-01;2303659;61,41;3,04;64,45
2020-08-01;2303659;61,42;2,65;64,07
2020-12-01;2303659;59,26;2,60;61,86
2021-04-01;2303659;54,90;2,36;57,26
2018-04-01;2303709;53,91;1,93;55,84
2018-08-01;2303709;51,62;2,02;53,64
2018-12-01;2303709;50,80;1,96;52,76
2019-04-01;2303709;50,66;1,89;52,55
2019-08-01;2303709;48,34;1,88;50,22
2019-12-01;2303709;45,28;1,72;47,00
2020-04-01;2303709;38,74;1,52;40,26
2020-08-01;2303709;38,80;1,56;40,36
2020-12-01;2303709;40,15;1,51;41,66
2021-04-01;2303709;46,74;1,68;48,42
2018-04-01;2303808;39,83;1,62;41,45
2018-08-01;2303808;54,40;2,22;56,62
2018-12-01;2303808;53,97;2,26;56,23
2019-04-01;2303808;52,96;2,28;55,24
2019-08-01;2303808;53,51;2,44;55,95
2019-12-01;2303808;52,75;2,53;55,28
2020-04-01;2303808;51,22;2,44;53,66
2020-08-01;2303808;47,07;2,21;49,28
2020-12-01;2303808;47,33;2,21;49,54
2021-04-01;2303808;46,50;2,25;48,75
2018-04-01;2303907;69,13;3,20;72,33
2018-08-01;2303907;60,82;2,95;63,77
2018-12-01;2303907;58,39;2,88;61,27
2019-04-01;2303907;56,93;2,91;59,84
2019-08-01;2303907;57,95;2,89;60,84
2019-12-01;2303907;57,96;2,83;60,79
2020-04-01;2303907;59,03;2,72;61,75
2020-08-01;2303907;60,02;2,68;62,70
2020-12-01;2303907;60,92;2,60;63,52
2021-04-01;2303907;58,16;2,58;60,74
2018-04-01;2303931;67,91;3,18;71,09
2018-08-01;2303931;57,10;2,54;59,64
2018-12-01;2303931;61,16;3,18;64,34
2019-04-01;2303931;55,51;2,94;58,45
2019-08-01;2303931;53,18;3,15;56,33
2019-12-01;2303931;63,51;3,05;66,56
2020-04-01;2303931;59,34;3,05;62,39
2020-08-01;2303931;63,79;2,81;66,60
2020-12-01;2303931;62,38;2,73;65,11
2021-04-01;2303931;58,02;2,52;60,54
2018-04-01;2303956;55,61;2,69;58,30
2018-08-01;2303956;50,22;2,52;52,74
2018-12-01;2303956;53,61;2,60;56,21
2019-04-01;2303956;51,24;2,49;53,73
2019-08-01;2303956;52,96;2,40;55,36
2019-12-01;2303956;48,89;2,46;51,35
2020-04-01;2303956;49,31;2,37;51,68
2020-08-01;2303956;50,06;2,32;52,38
2020-12-01;2303956;51,87;2,34;54,21
2021-04-01;2303956;51,10;2,32;53,42
2018-04-01;2304004;55,45;3,00;58,45
2018-08-01;2304004;54,12;3,07;57,19
2018-12-01;2304004;55,83;3,24;59,07
2019-04-01;2304004;53,17;3,05;56,22
2019-08-01;2304004;52,66;2,92;55,58
2019-12-01;2304004;50,62;2,62;53,24
2020-04-01;2304004;51,54;2,62;54,16
2020-08-01;2304004;49,83;2,41;52,24
2020-12-01;2304004;50,15;2,42;52,57
2018-04-01;2304103;51,26;2,47;53,73
2018-08-01;2304103;47,00;2,31;49,31
2018-12-01;2304103;46,61;;
2019-04-01;2304103;46,49;2,11;48,60
2019-08-01;2304103;35,89;1,56;37,45
2019-12-01;2304103;37,20;1,52;38,72
2020-04-01;2304103;39,35;1,52;40,87
2020-08-01;2304103;48,84;1,85;50,69
2020-12-01;2304103;43,94;1,74;45,68
2021-04-01;2304103;41,36;2,32;43,68
2018-04-01;2304202;52,96;2,18;55,14
2018-08-01;2304202;52,16;2,13;54,29
2018-12-01;2304202;50,00;2,05;52,05
2019-04-01;2304202;49,39;1,90;51,29
2019-08-01;2304202;49,28;1,97;51,25
2019-12-01;2304202;50,01;1,65;51,66
2020-04-01;2304202;51,06;1,68;52,74
2020-08-01;2304202;48,83;1,63;50,46
2020-12-01;2304202;49,72;1,70;51,42
2021-04-01;2304202;48,25;1,65;49,90
2018-04-01;2304236;59,74;2,87;62,61
2018-08-01;2304236;54,35;3,59;57,94
2018-12-01;2304236;53,19;2,92;56,11
2019-04-01;2304236;50,12;2,75;52,87
2019-08-01;2304236;52,17;2,82;54,99
2019-12-01;2304236;52,36;2,68;55,04
2020-04-01;2304236;51,15;2,56;53,71
2020-08-01;2304236;49,25;2,57;51,82
2020-12-01;2304236;53,58;2,66;56,24
2021-04-01;2304236;50,70;2,39;53,09
2018-04-01;2304251;52,93;2,27;55,20
2018-08-01;2304251;52,21;2,22;54,43
2018-12-01;2304251;53,87;2,22;56,09
2019-04-01;2304251;54,19;54,19;108,38
2019-08-01;2304251;53,87;2,16;56,03
2019-12-01;2304251;52,77;1,99;54,76
2020-04-01;2304251;53,52;1,99;55,51
2020-08-01;2304251;54,19;1,88;56,07
2020-12-01;2304251;53,58;1,95;55,53
2021-04-01;2304251;53,14;1,92;55,06
2018-04-01;2304269;52,38;3,24;55,62
2018-08-01;2304269;52,11;0,03;52,14
2018-12-01;2304269;54,95;3,26;58,21
2019-04-01;2304269;54,55;3,15;57,70
2019-08-01;2304269;53,35;3,18;56,53
2019-12-01;2304269;51,45;3,14;54,59
2020-04-01;2304269;52,66;3,14;55,80
2020-08-01;2304269;51,38;2,98;54,36
2020-12-01;2304269;53,38;2,97;56,35
2021-04-01;2304269;52,26;2,93;55,19
2018-04-01;2304277;52,92;3,65;56,57
2018-08-01;2304277;53,17;3,27;56,44
2018-12-01;2304277;52,25;3,28;55,53
2019-04-01;2304277;53,41;3,52;56,93
2019-08-01;2304277;49,63;3,85;53,48
2019-12-01;2304277;53,19;4,20;57,39
2020-04-01;2304277;51,73;4,16;55,89
2020-08-01;2304277;53,22;3,89;57,11
2020-12-01;2304277;49,84;3,52;53,36
2018-04-01;2304285;51,56;3,12;54,68
2018-08-01;2304285;51,38;3,13;54,51
2018-12-01;2304285;50,89;3,05;53,94
2019-04-01;2304285;47,18;2,95;50,13
2019-08-01;2304285;45,14;2,94;48,08
2019-12-01;2304285;47,27;2,90;50,17
2020-04-01;2304285;50,76;2,91;53,67
2020-08-01;2304285;51,37;3,01;54,38
2020-12-01;2304285;50,11;2,97;53,08
2021-04-01;2304285;44,19;2,77;46,96
2019-04-01;2304301;48,71;2,39;51,10
2019-08-01;2304301;472,19;2,24;474,43
2019-12-01;2304301;47,95;2,30;50,25
2020-04-01;2304301;46,48;2,36;48,84
2020-08-01;2304301;48,92;2,65;51,57
2020-12-01;2304301;53,76;2,69;56,45
2021-04-01;2304301;54,94;2,88;57,82
2019-04-01;2304350;53,33;2,55;55,88
2019-08-01;2304350;54,28;2,52;56,80
2019-12-01;2304350;53,38;2,40;55,78
2021-04-01;2304350;53,71;2,26;55,97
2018-04-01;2304400;46,42;2,01;48,43
2018-08-01;2304400;45,39;1,97;47,36
2018-12-01;2304400;45,30;1,91;47,21
2019-04-01;2304400;44,64;1,88;46,52
2019-08-01;2304400;45,31;1,89;47,20
2019-12-01;2304400;42,31;1,76;44,07
2020-04-01;2304400;42,70;1,71;44,41
2020-08-01;2304400;42,75;1,72;44,47
2020-12-01;2304400;46,03;1,89;47,92
2021-04-01;2304400;47,23;1,76;48,99
2018-04-01;2304459;54,10;3,37;57,47
2018-08-01;2304459;53,35;3,32;56,67
2018-12-01;2304459;53,36;3,27;56,63
2019-04-01;2304459;53,16;3,11;56,27
2019-08-01;2304459;49,87;2,94;52,81
2019-12-01;2304459;46,57;2,71;49,28
2020-04-01;2304459;48,18;2,75;50,93
2020-08-01;2304459;50,04;2,78;52,82
2020-12-01;2304459;52,16;2,95;55,11
2021-04-01;2304459;48,80;2,83;51,63
2018-04-01;2304509;51,66;2,66;54,32
2018-08-01;2304509;49,65;2,61;52,26
2018-12-01;2304509;53,34;;
2019-04-01;2304509;54,36;2,56;56,92
2019-08-01;2304509;57,32;2,64;59,96
2019-12-01;2304509;55,85;2,61;58,46
2020-04-01;2304509;57,40;2,75;60,15
2020-08-01;2304509;55,78;2,73;58,51
2020-12-01;2304509;58,84;2,79;61,63
2021-04-01;2304509;53,45;2,67;56,12
2018-04-01;2304608;59,00;3,21;62,21
2018-08-01;2304608;55,83;1,93;57,76
2018-12-01;2304608;57,74;2,85;60,59
2019-04-01;2304608;53,86;2,69;56,55
2019-08-01;2304608;57,24;2,90;60,14
2019-12-01;2304608;58,37;3,06;61,43
2020-04-01;2304608;55,92;3,96;59,88
2020-08-01;2304608;52,61;3,88;56,49
2020-12-01;2304608;49,50;3,08;52,58
2021-04-01;2304608;53,44;2,94;56,38
2018-04-01;2304657;47,42;1,81;49,23
2018-08-01;2304657;52,35;2,07;54,42
2018-12-01;2304657;62,35;1,99;64,34
2019-04-01;2304657;53,25;2,09;55,34
2019-08-01;2304657;52,07;1,94;54,01
2019-12-01;2304657;52,73;2,13;54,86
2020-04-01;2304657;56,58;2,21;58,79
2020-08-01;2304657;70,72;2,78;73,50
2020-12-01;2304657;55,79;2,08;57,87
2021-04-01;2304657;53,76;;
2018-04-01;2304707;50,65;2,45;53,10
2018-08-01;2304707;50,96;2,30;53,26
2018-12-01;2304707;51,32;2,26;53,58
2019-04-01;2304707;48,07;2,19;50,26
2019-08-01;2304707;47,85;2,23;50,08
2019-12-01;2304707;48,61;2,23;50,84
2020-04-01;2304707;50,08;2,26;52,34
2020-08-01;2304707;47,51;2,14;49,65
2020-12-01;2304707;50,50;2,24;52,74
2021-04-01;2304707;48,38;2,10;50,48
2018-04-01;2304806;50,85;3,32;54,17
2018-08-01;2304806;48,42;3,06;51,48
2018-12-01;2304806;53,93;3,23;57,16
2019-04-01;2304806;51,47;3,16;54,63
2019-08-01;2304806;57,98;3,08;61,06
2019-12-01;2304806;56,66;2,90;59,56
2020-04-01;2304806;55,80;2,87;58,67
2020-08-01;2304806;57,54;2,95;60,49
2020-12-01;2304806;53,49;2,91;56,40
2021-04-01;2304806;53,05;2,83;55,88
2019-04-01;2304905;51,05;2,99;54,04
2019-08-01;2304905;52,19;3,13;55,32
2019-12-01;2304905;51,03;2,99;54,02
2021-04-01;2304905;47,95;2,72;50,67
2018-04-01;2304954;69,06;3,21;72,27
2018-08-01;2304954;63,11;3,04;66,15
2018-12-01;2304954;59,40;3,05;62,45
2019-04-01;2304954;57,28;2,92;60,20
2019-08-01;2304954;58,46;2,91;61,37
2019-12-01;2304954;57,33;2,87;60,20
2020-04-01;2304954;56,61;2,91;59,52
2020-08-01;2304954;55,14;2,86;58,00
2020-12-01;2304954;57,95;2,84;60,79
2021-04-01;2304954;63,96;2,75;66,71
2018-04-01;2305001;38,03;1,81;39,84
2018-08-01;2305001;35,60;1,81;37,41
2018-12-01;2305001;45,58;2,37;47,95
2019-04-01;2305001;46,79;2,33;49,12
2019-08-01;2305001;46,65;2,24;48,89
2019-12-01;2305001;46,37;2,14;48,51
2020-04-01;2305001;48,59;2,27;50,86
2020-08-01;2305001;51,38;2,24;53,62
2020-12-01;2305001;52,30;2,09;54,39
2021-04-01;2305001;51,41;1,91;53,32
2018-04-01;2305100;50,57;2,34;52,91
2018-08-01;2305100;66,51;2,94;69,45
2018-12-01;2305100;58,83;2,71;61,54
2019-04-01;2305100;55,59;2,61;58,20
2019-08-01;2305100;53,09;2,57;55,66
2019-12-01;2305100;55,53;2,70;58,23
2020-04-01;2305100;57,04;2,73;59,77
2020-08-01;2305100;55,78;2,75;58,53
2020-12-01;2305100;53,91;2,67;56,58
2021-04-01;2305100;51,89;2,46;54,35
2018-04-01;2305209;52,47;2,75;55,22
2018-08-01;2305209;51,87;2,37;54,24
2018-12-01;2305209;52,97;2,79;55,76
2019-04-01;2305209;50,57;2,75;53,32
2019-08-01;2305209;52,39;2,65;55,04
2019-12-01;2305209;53,42;2,52;55,94
2020-04-01;2305209;52,26;2,54;54,80
2020-08-01;2305209;49,34;2,44;51,78
2020-12-01;2305209;51,85;2,51;54,36
2021-04-01;2305209;48,66;;
2018-04-01;2305233;62,05;3,55;65,60
2018-08-01;2305233;60,91;3,32;64,23
2018-12-01;2305233;53,76;3,24;57,00
2019-04-01;2305233;50,32;3,09;53,41
2019-08-01;2305233;50,45;3,12;53,57
2019-12-01;2305233;51,30;3,06;54,36
2020-04-01;2305233;47,54;2,79;50,33
2020-08-01;2305233;49,39;2,84;52,23
2020-12-01;2305233;51,94;2,95;54,89
2021-04-01;2305233;53,65;2,95;56,60
2018-04-01;2305266;65,99;2,93;68,92
2018-08-01;2305266;62,05;2,83;64,88
2018-12-01;2305266;61,23;2,81;64,04
2019-04-01;2305266;59,69;2,71;62,40
2019-08-01;2305266;60,83;2,72;63,55
2019-12-01;2305266;60,29;2,70;62,99
2020-04-01;2305266;59,93;2,64;62,57
2020-08-01;2305266;60,53;2,54;63,07
2020-12-01;2305266;68,20;2,60;70,80
2021-04-01;2305266;68,77;2,37;71,14
2019-04-01;2305308;55,25;2,30;57,55
2019-08-01;2305308;52,35;2,41;54,76
2019-12-01;2305308;53,75;2,35;56,10
2021-04-01;2305308;54,32;2,09;56,41
2018-04-01;2305332;52,51;2,61;55,12
2018-08-01;2305332;51,49;2,48;53,97
2018-12-01;2305332;47,13;2,25;49,38
2019-04-01;2305332;50,79;2,19;52,98
2019-08-01;2305332;47,61;2,05;49,66
2019-12-01;2305332;52,25;2,24;54,49
2020-04-01;2305332;54,42;2,09;56,51
2020-08-01;2305332;57,58;2,13;59,71
2020-12-01;2305332;58,16;0,46;58,62
2021-04-01;2305332;56,45;2,09;58,54
2018-04-01;2305357;56,15;2,55;58,70
2018-08-01;2305357;54,63;2,50;57,13
2018-12-01;2305357;53,87;2,41;56,28
2019-04-01;2305357;55,47;2,39;57,86
2019-08-01;2305357;53,65;2,34;55,99
2019-12-01;2305357;53,97;2,44;56,41
2020-04-01;2305357;55,33;2,53;57,86
2020-08-01;2305357;58,99;2,66;61,65
2020-12-01;2305357;58,55;2,64;61,19
2021-04-01;2305357;54,86;2,54;57,40
2018-04-01;2305407;44,36;1,68;46,04
2018-08-01;2305407;42,70;1,66;44,36
2018-12-01;2305407;38,61;1,52;40,13
2019-04-01;2305407;49,39;1,89;51,28
2019-08-01;2305407;48,61;1,86;50,47
2019-12-01;2305407;49,76;1,92;51,68
2020-04-01;2305407;50,19;1,88;52,07
2020-08-01;2305407;48,76;1,76;50,52
2020-12-01;2305407;47,94;1,73;49,67
2021-04-01;2305407;53,87;1,65;55,52
2018-04-01;2305506;52,65;2,09;54,74
2018-08-01;2305506;48,68;2,06;50,74
2018-12-01;2305506;54,31;2,21;56,52
2019-04-01;2305506;52,45;1,74;54,19
2019-08-01;2305506;53,52;1,81;55,33
2019-12-01;2305506;53,99;1,76;55,75
2020-04-01;2305506;47,93;1,72;49,65
2020-08-01;2305506;49,97;1,67;51,64
2020-12-01;2305506;48,08;1,58;49,66
2021-04-01;2305506;47,06;1,63;48,69
2018-04-01;2305605;63,32;3,25;66,57
2018-08-01;2305605;60,45;3,12;63,57
2018-12-01;2305605;60,48;3,16;63,64
2019-04-01;2305605;59,85;3,13;62,98
2019-08-01;2305605;59,13;3,15;62,28
2019-12-01;2305605;56,88;3,12;60,00
2020-04-01;2305605;57,22;3,07;60,29
2020-08-01;2305605;55,56;2,95;58,51
2020-12-01;2305605;55,06;2,87;57,93
2021-04-01;2305605;50,63;2,74;53,37
2018-04-01;2305704;62,02;3,17;65,19
2018-08-01;2305704;60,67;2,96;63,63
2018-12-01;2305704;62,72;3,03;65,75
2019-04-01;2305704;60,15;2,86;63,01
2019-08-01;2305704;60,08;2,95;63,03
2019-12-01;2305704;59,31;2,97;62,28
2020-04-01;2305704;58,62;2,94;61,56
2020-08-01;2305704;57,44;2,84;60,28
2020-12-01;2305704;55,84;2,76;58,60
2021-04-01;2305704;54,41;2,68;57,09
2018-04-01;2305803;51,60;2,19;53,79
2018-08-01;2305803;50,47;;
2018-12-01;2305803;49,45;1,98;51,43
2019-04-01;2305803;51,34;1,98;53,32
2019-08-01;2305803;55,44;2,14;57,58
2019-12-01;2305803;53,36;1,85;55,21
2020-04-01;2305803;51,89;;
2020-08-01;2305803;47,97;1,72;49,69
2020-12-01;2305803;43,96;1,69;45,65
2021-04-01;2305803;46,49;1,80;48,29
2018-04-01;2305902;57,91;2,21;60,12
2018-08-01;2305902;56,16;2,05;58,21
2018-12-01;2305902;52,71;2,20;54,91
2019-04-01;2305902;48,42;2,13;50,55
2019-08-01;2305902;50,91;2,15;53,06
2019-12-01;2305902;52,54;2,04;54,58
2020-04-01;2305902;52,36;1,97;54,33
2020-08-01;2305902;51,09;1,92;53,01
2020-12-01;2305902;53,12;1,87;54,99
2021-04-01;2305902;51,93;1,79;53,72
2018-04-01;2306009;59,88;3,52;63,40
2018-08-01;2306009;53,86;3,56;57,42
2018-12-01;2306009;56,77;3,53;60,30
2019-04-01;2306009;53,19;3,45;56,64
2019-08-01;2306009;62,36;3,46;65,82
2019-12-01;2306009;53,58;3,26;56,84
2020-04-01;2306009;55,89;3,33;59,22
2020-08-01;2306009;52,29;3,25;55,54
2020-12-01;2306009;52,70;3,31;56,01
2021-04-01;2306009;53,82;3,16;56,98
2018-04-01;2306108;50,34;2,34;52,68
2018-08-01;2306108;52,88;2,31;55,19
2018-12-01;2306108;50,20;2,20;52,40
2019-04-01;2306108;50,21;2,18;52,39
2019-08-01;2306108;48,68;2,13;50,81
2019-12-01;2306108;47,98;2,10;50,08
2020-04-01;2306108;48,89;2,04;50,93
2020-08-01;2306108;46,15;1,91;48,06
2020-12-01;2306108;48,36;1,95;50,31
2021-04-01;2306108;46,00;1,98;47,98
2018-04-01;2306207;53,74;2,99;56,73
2018-08-01;2306207;58,92;3,31;62,23
2018-12-01;2306207;57,33;3,21;60,54
2019-04-01;2306207;52,13;3,05;55,18
2019-08-01;2306207;50,82;2,94;53,76
2019-12-01;2306207;47,57;2,65;50,22
2020-04-01;2306207;48,24;2,83;51,07
2020-08-01;2306207;48,99;2,86;51,85
2020-12-01;2306207;53,18;3,01;56,19
2021-04-01;2306207;52,98;2,89;55,87
2018-04-01;2306256;52,30;2,52;54,82
2018-08-01;2306256;50,32;2,47;52,79
2018-12-01;2306256;52,72;2,45;55,17
2019-04-01;2306256;52,75;2,37;55,12
2019-08-01;2306256;51,61;2,30;53,91
2019-12-01;2306256;46,75;2,37;49,12
2020-04-01;2306256;48,90;2,56;51,46
2020-08-01;2306256;51,19;2,46;53,65
2020-12-01;2306256;53,12;2,31;55,43
2021-04-01;2306256;53,31;2,18;55,49
2018-04-01;2306306;65,59;2,14;67,73
2018-08-01;2306306;61,64;2,23;63,87
2018-12-01;2306306;59,89;2,41;62,30
2019-04-01;2306306;59,03;2,42;61,45
2019-08-01;2306306;53,80;2,47;56,27
2019-12-01;2306306;53,81;2,47;56,28
2020-04-01;2306306;54,75;2,46;57,21
2020-08-01;2306306;60,22;2,43;62,65
2020-12-01;2306306;62,38;2,42;64,80
2021-04-01;2306306;59,88;2,36;62,24
2018-04-01;2306405;53,79;1,50;55,29
2018-08-01;2306405;52,49;1,45;53,94
2018-12-01;2306405;52,30;1,45;53,75
2019-04-01;2306405;51,40;1,41;52,81
2019-08-01;2306405;51,98;1,38;53,36
2019-12-01;2306405;48,65;1,32;49,97
2020-04-01;2306405;49,77;1,33;51,10
2020-08-01;2306405;45,13;1,27;46,40
2020-12-01;2306405;50,30;1,27;51,57
2021-04-01;2306405;47,64;1,25;48,89
2018-04-01;2306504;43,36;2,19;45,55
2018-08-01;2306504;63,57;3,27;66,84
2018-12-01;2306504;61,44;3,32;64,76
2019-04-01;2306504;58,88;3,15;62,03
2019-08-01;2306504;58,57;3,21;61,78
2019-12-01;2306504;55,52;3,07;58,59
2020-04-01;2306504;55,33;3,19;58,52
2020-08-01;2306504;51,98;3,05;55,03
2020-12-01;2306504;49,94;3,11;53,05
2021-04-01;2306504;49,06;2,98;52,04
2018-04-01;2306553;52,19;2,51;54,70
2018-08-01;2306553;47,09;2,60;49,69
2018-12-01;2306553;54,70;2,10;56,80
2019-04-01;2306553;45,88;1,99;47,87
2019-08-01;2306553;42,75;1,89;44,64
2019-12-01;2306553;41,65;1,89;43,54
2020-04-01;2306553;45,38;2,07;47,45
2020-08-01;2306553;46,78;2,22;49,00
2020-12-01;2306553;48,39;2,41;50,80
2021-04-01;2306553;49,10;2,38;51,48
2020-04-01;2306603;37,73;2,10;39,83
2020-08-01;2306603;35,83;2,02;37,85
2020-12-01;2306603;37,69;2,01;39,70
2021-04-01;2306603;40,14;1,92;42,06
2018-04-01;2306702;52,60;3,28;55,88
2018-08-01;2306702;50,46;3,01;53,47
2018-12-01;2306702;39,84;2,52;42,36
2019-04-01;2306702;38,99;2,45;41,44
2019-08-01;2306702;42,38;2,50;44,88
2019-12-01;2306702;49,43;3,00;52,43
2020-04-01;2306702;48,20;2,93;51,13
2020-08-01;2306702;45,43;2,65;48,08
2020-12-01;2306702;43,80;2,71;46,51
2021-04-01;2306702;44,15;2,80;46,95
2018-04-01;2306801;63,74;3,18;66,92
2018-08-01;2306801;58,52;2,96;61,48
2018-12-01;2306801;58,37;2,87;61,24
2019-04-01;2306801;59,97;2,89;62,86
2019-08-01;2306801;61,42;2,91;64,33
2019-12-01;2306801;59,61;2,91;62,52
2020-04-01;2306801;57,69;2,69;60,38
2020-08-01;2306801;57,59;2,65;60,24
2020-12-01;2306801;60,88;2,60;63,48
2021-04-01;2306801;61,99;2,68;64,67
2018-04-01;2307007;60,20;2,83;63,03
2018-08-01;2307007;54,80;2,77;57,57
2018-12-01;2307007;53,81;2,74;56,55
2019-04-01;2307007;51,50;2,64;54,14
2019-08-01;2307007;48,87;2,34;51,21
2019-12-01;2307007;47,88;2,22;50,10
2020-04-01;2307007;;2,32;
2020-08-01;2307007;50,60;2,46;53,06
2020-12-01;2307007;52,19;2,44;54,63
2021-04-01;2307007;50,15;2,45;52,60
2018-04-01;2307106;70,82;2,86;73,68
2018-08-01;2307106;66,28;2,65;68,93
2018-12-01;2307106;65,36;2,55;67,91
2019-04-01;2307106;65,14;2,47;67,61
2019-08-01;2307106;66,50;2,44;68,94
2019-12-01;2307106;65,01;2,36;67,37
2020-04-01;2307106;66,91;2,33;69,24
2020-08-01;2307106;66,92;2,26;69,18
2020-12-01;2307106;71,02;2,35;73,37
2021-04-01;2307106;67,40;2,17;69,57
2018-04-01;2307205;52,79;2,88;55,67
2018-08-01;2307205;52,93;2,82;55,75
2018-12-01;2307205;53,78;2,89;56,67
2019-04-01;2307205;53,88;3,03;56,91
2019-08-01;2307205;53,99;2,81;56,80
2019-12-01;2307205;53,81;2,46;56,27
2020-04-01;2307205;53,81;2,49;56,30
2020-08-01;2307205;53,96;2,49;56,45
2020-12-01;2307205;57,73;2,70;60,43
2021-04-01;2307205;51,68;2,53;54,21
2018-04-01;2307254;50,94;2,75;53,69
2018-08-01;2307254;48,61;2,03;50,64
2018-12-01;2307254;45,76;2,48;48,24
2019-04-01;2307254;49,46;2,35;51,81
2019-08-01;2307254;55,58;2,40;57,98
2019-12-01;2307254;59,99;2,44;62,43
2020-04-01;2307254;57,61;2,44;60,05
2020-08-01;2307254;57,18;2,41;59,59
2020-12-01;2307254;58,95;2,39;61,34
2021-04-01;2307254;52,29;2,21;54,50
2018-04-01;2307304;43,50;1,85;45,35
2018-08-01;2307304;43,32;1,86;45,18
2018-12-01;2307304;53,90;2,42;56,32
2019-04-01;2307304;51,86;2,37;54,23
2019-08-01;2307304;52,29;2,42;54,71
2019-12-01;2307304;52,97;2,25;55,22
2020-04-01;2307304;56,11;2,13;58,24
2020-08-01;2307304;56,62;2,18;58,80
2020-12-01;2307304;60,24;2,22;62,46
2021-04-01;2307304;55,68;2,15;57,83
2018-04-01;2307403;48,85;2,34;51,19
2018-08-01;2307403;48,66;2,31;50,97
2018-12-01;2307403;48,72;2,33;51,05
2019-04-01;2307403;35,17;1,68;36,85
2019-08-01;2307403;35,45;1,67;37,12
2019-12-01;2307403;36,04;1,92;37,96
2020-04-01;2307403;50,85;2,32;53,17
2020-08-01;2307403;51,39;2,30;53,69
2020-12-01;2307403;52,17;2,25;54,42
2021-04-01;2307403;51,48;2,22;53,70
2018-04-01;2307502;48,79;2,56;51,35
2018-08-01;2307502;50,26;2,49;52,75
2018-12-01;2307502;49,00;2,32;51,32
2019-04-01;2307502;50,28;2,46;52,74
2019-08-01;2307502;54,55;2,67;57,22
2019-12-01;2307502;58,17;2,72;60,89
2020-04-01;2307502;57,95;2,80;60,75
2020-08-01;2307502;55,86;2,79;58,65
2020-12-01;2307502;50,43;2,73;53,16
2021-04-01;2307502;50,98;2,69;53,67
2018-04-01;2307601;50,51;3,02;53,53
2018-08-01;2307601;49,75;3,07;52,82
2018-12-01;2307601;46,21;2,90;49,11
2019-04-01;2307601;42,00;2,57;44,57
2019-08-01;2307601;40,69;2,53;43,22
2019-12-01;2307601;42,66;2,58;45,24
2020-04-01;2307601;45,64;2,72;48,36
2020-08-01;2307601;43,36;2,55;45,91
2020-12-01;2307601;43,49;2,52;46,01
2021-04-01;2307601;40,90;2,33;43,23
2018-04-01;2307635;62,68;3,21;65,89
2018-08-01;2307635;60,88;3,02;63,90
2018-12-01;2307635;62,82;3,32;66,14
2019-04-01;2307635;61,87;3,21;65,08
2019-08-01;2307635;61,79;3,07;64,86
2019-12-01;2307635;56,01;2,79;58,80
2020-04-01;2307635;54,81;2,93;57,74
2020-08-01;2307635;53,80;2,95;56,75
2020-12-01;2307635;56,02;3,05;59,07
2021-04-01;2307635;54,63;2,86;57,49
2018-04-01;2307650;55,58;2,85;58,43
2018-08-01;2307650;53,80;2,88;56,68
2018-12-01;2307650;52,92;2,77;55,69
2019-04-01;2307650;53,78;2,78;56,56
2019-08-01;2307650;51,32;2,75;54,07
2019-12-01;2307650;52,95;2,68;55,63
2020-04-01;2307650;54,45;2,69;57,14
2020-08-01;2307650;54,81;2,68;57,49
2020-12-01;2307650;56,14;2,77;58,91
2021-04-01;2307650;54,66;2,68;57,34
2018-04-01;2307700;65,96;2,58;68,54
2018-08-01;2307700;63,07;2,49;65,56
2018-12-01;2307700;59,93;2,19;62,12
2019-04-01;2307700;52,45;2,08;54,53
2019-08-01;2307700;53,10;2,07;55,17
2019-12-01;2307700;52,21;2,05;54,26
2020-04-01;2307700;56,90;2,02;58,92
2020-08-01;2307700;53,43;2,01;55,44
2020-12-01;2307700;53,66;2,17;55,83
2021-04-01;2307700;52,68;2,12;54,80
2018-04-01;2307908;63,26;2,65;65,91
2018-08-01;2307908;59,42;2,53;61,95
2018-12-01;2307908;58,29;2,68;60,97
2019-04-01;2307908;56,03;2,59;58,62
2019-08-01;2307908;54,47;2,57;57,04
2019-12-01;2307908;51,96;2,37;54,33
2020-04-01;2307908;53,92;2,33;56,25
2020-08-01;2307908;55,19;2,33;57,52
2020-12-01;2307908;56,78;2,35;59,13
2021-04-01;2307908;53,11;2,27;55,38
2019-04-01;2308005;63,31;2,62;65,93
2019-08-01;2308005;62,08;2,56;64,64
2019-12-01;2308005;58,81;2,39;61,20
2020-04-01;2308005;61,82;2,39;64,21
2020-08-01;2308005;57,54;2,31;59,85
2020-12-01;2308005;56,47;2,27;58,74
2021-04-01;2308005;57,97;2,28;60,25
2018-04-01;2308104;52,97;2,43;55,40
2018-08-01;2308104;51,93;2,26;54,19
2018-12-01;2308104;53,32;2,27;55,59
2019-04-01;2308104;53,74;2,30;56,04
2019-08-01;2308104;53,33;2,35;55,68
2019-12-01;2308104;53,93;2,36;56,29
2020-04-01;2308104;52,87;2,27;55,14
2020-08-01;2308104;53,97;2,30;56,27
2020-12-01;2308104;55,40;2,21;57,61
2021-04-01;2308104;57,89;2,14;60,03
2018-04-01;2308203;54,09;2,66;56,75
2018-08-01;2308203;49,33;2,50;51,83
2018-12-01;2308203;51,64;2,68;54,32
2019-04-01;2308203;51,14;2,79;53,93
2019-08-01;2308203;54,35;2,97;57,32
2019-12-01;2308203;52,18;2,79;54,97
2021-04-01;2308203;57,34;2,54;59,88
2018-04-01;2308302;50,27;2,45;52,72
2018-08-01;2308302;46,00;2,48;48,48
2018-12-01;2308302;49,24;2,56;51,80
2019-04-01;2308302;49,87;2,42;52,29
2019-08-01;2308302;51,02;2,30;53,32
2019-12-01;2308302;50,27;2,19;52,46
2020-04-01;2308302;53,59;2,27;55,86
2020-08-01;2308302;52,16;2,16;54,32
2020-12-01;2308302;52,90;2,14;55,04
2021-04-01;2308302;44,72;2,21;46,93
2021-04-01;2308351;62,52;2,55;65,07
2018-04-01;2308377;71,28;2,69;73,97
2018-08-01;2308377;66,79;38,10;104,89
2018-12-01;2308377;70,99;2,71;73,70
2019-04-01;2308377;65,18;2,56;67,74
2019-08-01;2308377;68,99;2,51;71,50
2019-12-01;2308377;65,09;2,39;67,48
2020-04-01;2308377;;2,36;
2020-08-01;2308377;61,00;2,26;63,26
2020-12-01;2308377;63,65;2,64;66,29
2021-04-01;2308377;57,97;2,22;60,19
2018-04-01;2308401;41,38;1,96;43,34
2018-08-01;2308401;52,58;1,95;54,53
2018-12-01;2308401;52,22;1,97;54,19
2019-04-01;2308401;46,22;2,10;48,32
2019-08-01;2308401;58,30;2,18;60,48
2019-12-01;2308401;53,76;2,22;55,98
2020-04-01;2308401;57,77;2,26;60,03
2020-08-01;2308401;56,89;2,16;59,05
2020-12-01;2308401;53,95;2,17;56,12
2021-04-01;2308401;53,34;;
2018-04-01;2308500;54,00;2,53;56,53
2018-08-01;2308500;51,24;2,45;53,69
2018-12-01;2308500;53,69;2,47;56,16
2019-04-01;2308500;52,41;2,28;54,69
2019-08-01;2308500;51,97;2,30;54,27
2019-12-01;2308500;46,28;1,98;48,26
2020-04-01;2308500;46,36;2,00;48,36
2020-08-01;2308500;47,26;2,02;49,28
2020-12-01;2308500;53,47;2,22;55,69
2021-04-01;2308500;51,88;2,10;53,98
2018-04-01;2308609;54,45;0,97;55,42
2018-08-01;2308609;52,24;;
2018-12-01;2308609;56,39;2,61;59,00
2019-04-01;2308609;57,34;2,61;59,95
2019-08-01;2308609;53,30;2,58;55,88
2019-12-01;2308609;51,60;2,53;54,13
2020-04-01;2308609;50,61;3,02;53,63
2020-08-01;2308609;43,31;2,16;45,47
2020-12-01;2308609;48,81;2,48;51,29
2021-04-01;2308609;46,40;2,48;48,88
2018-04-01;2308708;57,95;2,52;60,47
2018-08-01;2308708;53,77;2,33;56,10
2018-12-01;2308708;42,58;1,87;44,45
2019-04-01;2308708;39,58;1,77;41,35
2019-08-01;2308708;40,77;1,81;42,58
2019-12-01;2308708;48,85;2,33;51,18
2020-04-01;2308708;49,68;2,29;51,97
2020-08-01;2308708;48,67;2,22;50,89
2020-12-01;2308708;52,33;2,28;54,61
2021-04-01;2308708;50,01;2,20;52,21
2018-04-01;2308807;55,65;3,41;59,06
2018-08-01;2308807;52,89;3,22;56,11
2018-12-01;2308807;48,76;2,96;51,72
2018-04-01;2308906;47,24;3,24;50,48
2018-08-01;2308906;39,70;3,04;42,74
2018-12-01;2308906;40,47;3,33;43,80
2019-04-01;2308906;44,00;3,15;47,15
2019-08-01;2308906;48,64;3,27;51,91
2019-12-01;2308906;53,01;3,15;56,16
2020-04-01;2308906;51,96;3,14;55,10
2020-08-01;2308906;48,46;2,93;51,39
2020-12-01;2308906;49,62;2,86;52,48
2021-04-01;2308906;45,99;2,70;48,69
2018-04-01;2309102;46,04;2,56;48,60
2018-08-01;2309102;47,59;2,45;50,04
2018-12-01;2309102;64,64;3,04;67,68
2019-04-01;2309102;66,65;3,11;69,76
2019-08-01;2309102;64,33;2,94;67,27
2019-12-01;2309102;62,53;3,15;65,68
2020-04-01;2309102;67,88;2,97;70,85
2020-08-01;2309102;67,86;2,98;70,84
2020-12-01;2309102;62,65;2,89;65,54
2021-04-01;2309102;56,17;2,65;58,82
2020-04-01;2309201;55,38;2,31;57,69
2020-08-01;2309201;55,71;2,27;57,98
2020-12-01;2309201;57,31;2,30;59,61
2021-04-01;2309201;56,41;2,29;58,70
2018-04-01;2309300;57,75;;
2018-08-01;2309300;55,31;2,86;58,17
2018-12-01;2309300;51,68;2,72;54,40
2019-04-01;2309300;49,87;2,62;52,49
2019-08-01;2309300;49,75;2,62;52,37
2019-12-01;2309300;52,17;2,56;54,73
2020-04-01;2309300;52,12;2,48;54,60
2020-08-01;2309300;51,15;2,43;53,58
2020-12-01;2309300;51,90;2,53;54,43
2021-04-01;2309300;51,56;2,75;54,31
2018-04-01;2309409;54,97;2,64;57,61
2018-08-01;2309409;52,04;2,51;54,55
2018-12-01;2309409;52,83;2,46;55,29
2019-04-01;2309409;50,57;2,36;52,93
2019-08-01;2309409;49,31;2,25;51,56
2019-12-01;2309409;50,22;2,20;52,42
2020-04-01;2309409;51,08;2,20;53,28
2020-08-01;2309409;51,28;2,17;53,45
2020-12-01;2309409;51,20;2,18;53,38
2021-04-01;2309409;49,31;;
2018-04-01;2309458;57,96;2,44;60,40
2018-08-01;2309458;51,61;2,21;53,82
2018-12-01;2309458;53,33;2,44;55,77
2019-04-01;2309458;47,60;2,17;49,77
2019-08-01;2309458;47,45;2,41;49,86
2019-12-01;2309458;46,71;2,40;49,11
2020-04-01;2309458;50,14;2,40;52,54
2020-08-01;2309458;51,55;2,29;53,84
2020-12-01;2309458;53,93;2,14;56,07
2021-04-01;2309458;52,78;2,09;54,87
2018-04-01;2309607;64,89;3,55;68,44
2018-08-01;2309607;59,34;3,30;62,64
2018-12-01;2309607;55,50;3,19;58,69
2019-04-01;2309607;54,02;3,07;57,09
2019-08-01;2309607;53,77;3,24;57,01
2019-12-01;2309607;58,17;3,29;61,46
2020-04-01;2309607;;3,21;
2020-08-01;2309607;55,73;3,22;58,95
2020-12-01;2309607;49,79;3,01;52,80
2021-04-01;2309607;45,95;2,82;48,77
2018-04-01;2309706;55,42;3,53;58,95
2018-08-01;2309706;51,78;3,38;55,16
2018-12-01;2309706;50,44;3,44;53,88
2019-04-01;2309706;49,80;3,30;53,10
2019-08-01;2309706;48,98;3,13;52,11
2019-12-01;2309706;46,17;2,99;49,16
2020-04-01;2309706;47,32;3,06;50,38
2020-08-01;2309706;50,03;3,29;53,32
2020-12-01;2309706;48,62;3,39;52,01
2021-04-01;2309706;44,42;3,06;47,48
2018-04-01;2309805;59,87;2,84;62,71
2018-08-01;2309805;58,60;2,81;61,41
2018-12-01;2309805;62,05;2,73;64,78
2019-04-01;2309805;65,07;2,79;67,86
2019-08-01;2309805;62,95;2,78;65,73
2019-12-01;2309805;60,64;2,73;63,37
2020-04-01;2309805;58,16;2,56;60,72
2020-08-01;2309805;57,88;2,47;60,35
2020-12-01;2309805;56,84;2,45;59,29
2021-04-01;2309805;53,40;2,46;55,86
2018-04-01;2309904;40,16;1,95;42,11
2018-08-01;2309904;43,75;2,09;45,84
2018-12-01;2309904;43,80;-14768187,33;-14768143,53
2019-04-01;2309904;39,91;1,99;41,90
2019-08-01;2309904;43,64;2,00;45,64
2019-12-01;2309904;42,49;1,92;44,41
2020-04-01;2309904;;2,12;
2020-08-01;2309904;44,47;2,22;46,69
2020-12-01;2309904;45,78;2,32;48,10
2021-04-01;2309904;46,26;2,24;48,50
2018-04-01;2310001;57,19;3,35;60,54
2018-08-01;2310001;50,35;2,97;53,32
2018-12-01;2310001;51,24;2,89;54,13
2019-04-01;2310001;52,09;2,84;54,93
2019-08-01;2310001;56,88;3,07;59,95
2019-12-01;2310001;52,93;2,95;55,88
2020-04-01;2310001;53,55;2,66;56,21
2020-08-01;2310001;53,26;2,97;56,23
2020-12-01;2310001;53,97;2,78;56,75
2021-04-01;2310001;50,96;2,60;53,56
2018-04-01;2310100;60,46;3,36;63,82
2018-08-01;2310100;56,41;3,17;59,58
2018-12-01;2310100;54,24;3,10;57,34
2019-04-01;2310100;56,78;2,91;59,69
2019-08-01;2310100;57,14;2,78;59,92
2019-12-01;2310100;55,47;2,65;58,12
2020-04-01;2310100;56,64;2,65;59,29
2020-08-01;2310100;56,22;2,53;58,75
2020-12-01;2310100;58,45;2,49;60,94
2021-04-01;2310100;55,37;;
2018-04-01;2310209;45,70;2,08;47,78
2018-08-01;2310209;46,51;2,05;48,56
2018-12-01;2310209;66,09;2,70;68,79
2019-04-01;2310209;64,93;2,94;67,87
2019-08-01;2310209;66,16;2,98;69,14
2019-12-01;2310209;63,97;3,04;67,01
2020-04-01;2310209;66,21;3,14;69,35
2020-08-01;2310209;65,42;3,01;68,43
2020-12-01;2310209;64,14;2,88;67,02
2021-04-01;2310209;61,45;2,73;64,18
2018-04-01;2310258;66,11;3,12;69,23
2018-08-01;2310258;59,68;2,82;62,50
2018-12-01;2310258;56,89;2,64;59,53
2019-04-01;2310258;53,89;2,49;56,38
2019-08-01;2310258;56,76;2,47;59,23
2019-12-01;2310258;56,43;2,44;58,87
2020-04-01;2310258;60,63;2,44;63,07
2020-08-01;2310258;60,04;2,39;62,43
2020-12-01;2310258;61,49;2,45;63,94
2021-04-01;2310258;56,86;;
2018-04-01;2310407;49,67;2,08;51,75
2018-08-01;2310407;80,58;2,42;83,00
2018-12-01;2310407;78,63;3,61;82,24
2019-04-01;2310407;71,89;3,34;75,23
2019-08-01;2310407;68,48;3,27;71,75
2019-12-01;2310407;62,23;3,10;65,33
2020-04-01;2310407;;3,30;
2020-08-01;2310407;59,10;3,23;62,33
2020-12-01;2310407;59,47;3,15;62,62
2021-04-01;2310407;57,94;2,98;60,92
2020-04-01;2310506;;2,14;
2020-08-01;2310506;74,59;2,07;76,66
2020-12-01;2310506;73,27;2,03;75,30
2021-04-01;2310506;69,85;1,99;71,84
2018-04-01;2310605;53,53;3,20;56,73
2018-08-01;2310605;53,81;3,09;56,90
2018-12-01;2310605;63,37;3,42;66,79
2019-04-01;2310605;54,15;3,42;57,57
2019-08-01;2310605;100,00;3,02;103,02
2019-12-01;2310605;53,59;2,93;56,52
2020-04-01;2310605;58,55;3,27;61,82
2020-08-01;2310605;58,19;3,20;61,39
2020-12-01;2310605;58,65;3,49;62,14
2021-04-01;2310605;57,24;3,33;60,57
2018-04-01;2310704;52,20;2,60;54,80
2018-08-01;2310704;53,78;2,68;56,46
2018-12-01;2310704;52,15;2,60;54,75
2019-04-01;2310704;52,81;2,52;55,33
2019-08-01;2310704;53,22;2,31;55,53
2019-12-01;2310704;53,16;2,29;55,45
2020-04-01;2310704;53,90;2,19;56,09
2020-08-01;2310704;55,96;2,29;58,25
2020-12-01;2310704;53,78;2,32;56,10
2021-04-01;2310704;54,27;2,27;56,54
2018-04-01;2310852;40,11;2,58;42,69
2018-08-01;2310852;38,65;2,37;41,02
2018-12-01;2310852;39,86;2,39;42,25
2019-04-01;2310852;39,01;2,33;41,34
2019-08-01;2310852;39,59;2,52;42,11
2019-12-01;2310852;36,49;2,39;38,88
2020-04-01;2310852;35,69;2,44;38,13
2020-08-01;2310852;33,33;2,41;35,74
2020-12-01;2310852;35,29;2,60;37,89
2021-04-01;2310852;41,15;2,34;43,49
2018-04-01;2310902;46,00;3,17;49,17
2018-08-01;2310902;46,48;3,04;49,52
2018-12-01;2310902;52,56;3,16;55,72
2019-04-01;2310902;41,86;2,36;44,22
2019-08-01;2310902;43,03;2,34;45,37
2019-12-01;2310902;43,27;2,28;45,55
2020-04-01;2310902;53,93;2,83;56,76
2020-08-01;2310902;53,08;2,80;55,88
2020-12-01;2310902;53,81;2,87;56,68
2021-04-01;2310902;53,00;2,71;55,71
2018-04-01;2310951;30,88;2,59;33,47
2018-08-01;2310951;30,58;2,01;32,59
2018-12-01;2310951;32,11;2,74;34,85
2019-04-01;2310951;30,40;2,74;33,14
2019-08-01;2310951;29,10;2,48;31,58
2019-12-01;2310951;28,79;2,29;31,08
2021-04-01;2310951;38,78;2,16;40,94
2018-04-01;2311009;51,52;2,79;54,31
2018-08-01;2311009;49,97;2,83;52,80
2018-12-01;2311009;49,54;2,75;52,29
2018-04-01;2311108;49,73;2,68;52,41
2018-08-01;2311108;48,68;2,54;51,22
2018-12-01;2311108;49,17;2,50;51,67
2019-04-01;2311108;44,73;2,29;47,02
2019-08-01;2311108;45,38;5,18;50,56
2019-12-01;2311108;47,15;2,39;49,54
2020-04-01;2311108;49,34;2,48;51,82
2020-08-01;2311108;47,49;2,39;49,88
2020-12-01;2311108;47,19;2,33;49,52
2021-04-01;2311108;47,17;2,16;49,33
2019-04-01;2311207;64,02;3,25;67,27
2019-08-01;2311207;57,71;3,14;60,85
2019-12-01;2311207;51,88;2,95;54,83
2018-04-01;2311231;51,11;3,36;54,47
2018-08-01;2311231;50,08;3,29;53,37
2018-12-01;2311231;48,60;3,16;51,76
2019-04-01;2311231;49,47;3,13;52,60
2019-08-01;2311231;47,98;3,02;51,00
2019-12-01;2311231;47,86;2,95;50,81
2020-04-01;2311231;51,37;3,11;54,48
2020-08-01;2311231;53,99;3,25;57,24
2020-12-01;2311231;52,60;3,36;55,96
2021-04-01;2311231;49,18;2,88;52,06
2018-04-01;2311264;49,30;3,28;52,58
2018-08-01;2311264;49,05;2,80;51,85
2018-12-01;2311264;50,78;2,74;53,52
2018-04-01;2311306;51,59;2,49;54,08
2018-08-01;2311306;48,58;2,39;50,97
2018-12-01;2311306;47,93;2,42;50,35
2019-04-01;2311306;48,13;2,38;50,51
2019-08-01;2311306;52,80;2,42;55,22
2019-12-01;2311306;54,20;2,33;56,53
2020-04-01;2311306;57,14;2,36;59,50
2020-08-01;2311306;55,01;2,32;57,33
2020-12-01;2311306;57,53;2,35;59,88
2021-04-01;2311306;56,42;2,18;58,60
2018-04-01;2311355;53,38;2,49;55,87
2018-08-01;2311355;53,06;2,42;55,48
2018-12-01;2311355;50,63;2,48;53,11
2019-04-01;2311355;50,43;2,44;52,87
2019-08-01;2311355;52,57;2,54;55,11
2019-12-01;2311355;51,57;2,52;54,09
2020-04-01;2311355;52,32;2,51;54,83
2020-08-01;2311355;53,09;2,37;55,46
2020-12-01;2311355;53,76;2,45;56,21
2021-04-01;2311355;52,44;2,35;54,79
2018-04-01;2311405;64,09;2,32;66,41
2018-08-01;2311405;53,89;2,11;56,00
2018-12-01;2311405;53,88;2,12;56,00
2019-04-01;2311405;51,73;2,02;53,75
2019-08-01;2311405;53,93;2,06;55,99
2019-12-01;2311405;53,17;2,02;55,19
2020-04-01;2311405;;2,03;
2020-08-01;2311405;53,67;1,98;55,65
2020-12-01;2311405;53,44;1,91;55,35
2021-04-01;2311405;50,37;1,84;52,21
2020-04-01;2311504;51,94;3,15;55,09
2020-08-01;2311504;50,36;2,95;53,31
2020-12-01;2311504;55,00;2,85;57,85
2021-04-01;2311504;53,00;2,69;55,69
2018-04-01;2311603;53,55;2,29;55,84
2018-08-01;2311603;55,86;2,30;58,16
2018-12-01;2311603;53,56;2,27;55,83
2019-04-01;2311603;52,39;2,29;54,68
2019-08-01;2311603;49,93;2,32;52,25
2019-12-01;2311603;53,03;2,33;55,36
2021-04-01;2311603;53,94;1,93;55,87
2018-04-01;2311702;63,91;2,79;66,70
2018-08-01;2311702;59,35;2,51;61,86
2018-12-01;2311702;61,61;2,46;64,07
2019-04-01;2311702;57,23;2,44;59,67
2019-08-01;2311702;62,88;2,48;65,36
2019-12-01;2311702;60,95;2,40;63,35
2020-04-01;2311702;67,83;2,41;70,24
2020-08-01;2311702;61,79;2,26;64,05
2020-12-01;2311702;63,04;2,31;65,35
2021-04-01;2311702;57,29;2,24;59,53
2018-04-01;2311801;49,16;2,75;51,91
2018-08-01;2311801;48,43;2,60;51,03
2018-12-01;2311801;50,17;2,63;52,80
2019-04-01;2311801;49,92;2,56;52,48
2019-08-01;2311801;52,02;2,63;54,65
2019-12-01;2311801;51,59;2,45;54,04
2020-04-01;2311801;50,75;2,41;53,16
2020-08-01;2311801;48,93;2,37;51,30
2020-12-01;2311801;51,67;2,37;54,04
2021-04-01;2311801;51,71;2,23;53,94
2018-04-01;2311900;62,13;0,82;62,95
2018-08-01;2311900;66,00;2,49;68,49
2018-12-01;2311900;66,01;2,45;68,46
2019-04-01;2311900;66,12;2,38;68,50
2019-08-01;2311900;54,22;2,00;56,22
2019-12-01;2311900;53,69;1,92;55,61
2020-04-01;2311900;51,92;1,99;53,91
2020-08-01;2311900;60,40;2,24;62,64
2020-12-01;2311900;65,34;2,31;67,65
2021-04-01;2311900;63,97;2,16;66,13
2018-04-01;2311959;50,24;2,28;52,52
2018-08-01;2311959;46,05;2,05;48,10
2018-12-01;2311959;50,92;2,00;52,92
2020-04-01;2311959;57,97;2,08;60,05
2020-08-01;2311959;56,27;2,07;58,34
2020-12-01;2311959;56,41;2,12;58,53
2021-04-01;2311959;57,07;2,11;59,18
2018-04-01;2312007;63,62;3,07;66,69
2018-08-01;2312007;59,41;2,87;62,28
2018-12-01;2312007;57,56;2,86;60,42
2019-04-01;2312007;57,10;2,74;59,84
2019-08-01;2312007;58,86;2,81;61,67
2019-12-01;2312007;56,84;2,66;59,50
2020-04-01;2312007;;2,68;
2020-08-01;2312007;55,99;2,54;58,53
2020-12-01;2312007;61,10;2,61;63,71
2021-04-01;2312007;60,99;2,58;63,57
2018-04-01;2312106;54,68;2,77;57,45
2018-08-01;2312106;59,75;3,14;62,89
2018-12-01;2312106;59,64;3,02;62,66
2019-04-01;2312106;59,79;2,87;62,66
2019-08-01;2312106;62,17;2,82;64,99
2019-12-01;2312106;67,68;2,84;70,52
2020-04-01;2312106;71,14;2,82;73,96
2020-08-01;2312106;73,76;2,74;76,50
2020-12-01;2312106;65,73;2,81;68,54
2021-04-01;2312106;58,23;2,52;60,75
2018-04-01;2312205;59,34;2,27;61,61
2018-08-01;2312205;54,21;2,16;56,37
2018-12-01;2312205;53,75;2,16;55,91
2019-04-01;2312205;51,76;2,19;53,95
2019-08-01;2312205;53,78;2,31;56,09
2019-12-01;2312205;52,80;2,17;54,97
2020-04-01;2312205;52,68;2,07;54,75
2020-08-01;2312205;51,63;1,94;53,57
2020-12-01;2312205;56,74;1,91;58,65
2021-04-01;2312205;60,26;1,93;62,19
2018-04-01;2312304;26,89;2,04;28,93
2018-08-01;2312304;49,44;1,74;51,18
2018-12-01;2312304;48,48;1,64;50,12
2019-04-01;2312304;45,83;1,56;47,39
2019-08-01;2312304;49,29;1,74;51,03
2019-12-01;2312304;49,97;1,75;51,72
2020-04-01;2312304;51,21;1,69;52,90
2020-08-01;2312304;47,90;1,64;49,54
2020-12-01;2312304;50,81;1,59;52,40
2021-04-01;2312304;;1,56;
2019-04-01;2312403;50,42;2,74;53,16
2019-08-01;2312403;45,82;2,55;48,37
2019-12-01;2312403;44,59;2,44;47,03
2020-04-01;2312403;42,81;2,33;45,14
2020-08-01;2312403;46,30;2,36;48,66
2020-12-01;2312403;45,98;2,35;48,33
2021-04-01;2312403;46,23;2,15;48,38
2018-04-01;2312502;55,11;3,83;58,94
2018-08-01;2312502;53,19;3,58;56,77
2018-12-01;2312502;50,70;3,60;54,30
2019-04-01;2312502;49,87;3,41;53,28
2019-08-01;2312502;48,15;3,31;51,46
2019-12-01;2312502;48,03;3,24;51,27
2020-04-01;2312502;46,02;3,18;49,20
2020-08-01;2312502;45,59;3,02;48,61
2020-12-01;2312502;48,17;3,00;51,17
2021-04-01;2312502;50,50;2,99;53,49
2018-04-01;2312601;49,87;3,05;52,92
2018-08-01;2312601;46,94;2,82;49,76
2018-12-01;2312601;51,50;2,93;54,43
2019-04-01;2312601;46,15;2,82;48,97
2019-08-01;2312601;45,67;2,95;48,62
2019-12-01;2312601;47,60;2,80;50,40
2020-04-01;2312601;53,50;2,93;56,43
2020-08-01;2312601;57,84;2,99;60,83
2020-12-01;2312601;55,87;3,02;58,89
2021-04-01;2312601;53,42;2,87;56,29
2018-04-01;2312700;53,26;2,92;56,18
2018-08-01;2312700;54,75;2,87;57,62
2018-12-01;2312700;56,04;3,07;59,11
2019-04-01;2312700;53,97;2,99;56,96
2019-08-01;2312700;51,77;2,89;54,66
2019-12-01;2312700;49,99;2,63;52,62
2020-04-01;2312700;52,48;2,66;55,14
2020-08-01;2312700;50,68;2,59;53,27
2020-12-01;2312700;53,72;2,75;56,47
2021-04-01;2312700;52,34;2,69;55,03
2019-04-01;2312809;45,01;2,71;47,72
2019-08-01;2312809;48,66;2,73;51,39
2019-12-01;2312809;48,35;2,73;51,08
2020-04-01;2312809;50,28;2,71;52,99
2020-08-01;2312809;51,33;2,72;54,05
2020-12-01;2312809;50,01;2,60;52,61
2018-04-01;2312908;47,91;2,26;50,17
2018-08-01;2312908;44,28;2,20;46,48
2018-12-01;2312908;40,54;2,07;42,61
2019-04-01;2312908;40,28;2,01;42,29
2019-08-01;2312908;40,67;2,00;42,67
2019-12-01;2312908;40,57;1,98;42,55
2020-04-01;2312908;41,86;1,98;43,84
2020-08-01;2312908;39,70;1,87;41,57
2020-12-01;2312908;39,43;1,85;41,28
2021-04-01;2312908;36,96;1,80;38,76
2018-04-01;2313005;53,45;2,93;56,38
2018-08-01;2313005;51,58;2,76;54,34
2018-12-01;2313005;53,16;2,83;55,99
2019-04-01;2313005;53,07;2,75;55,82
2019-08-01;2313005;53,40;2,60;56,00
2019-12-01;2313005;53,98;2,54;56,52
2020-04-01;2313005;53,30;2,44;55,74
2020-08-01;2313005;54,66;2,36;57,02
2020-12-01;2313005;56,06;2,36;58,42
2021-04-01;2313005;56,89;2,43;59,32
2018-04-01;2313104;50,80;2,69;53,49
2018-08-01;2313104;50,79;2,57;53,36
2018-12-01;2313104;50,80;2,61;53,41
2019-04-01;2313104;50,87;2,57;53,44
2019-08-01;2313104;51,09;2,55;53,64
2019-12-01;2313104;48,89;2,49;51,38
2020-04-01;2313104;50,70;2,52;53,22
2020-08-01;2313104;48,54;2,42;50,96
2020-12-01;2313104;51,63;2,47;54,10
2021-04-01;2313104;50,10;2,37;52,47
2021-04-01;2313203;53,20;1,96;55,16
2018-04-01;2313252;63,26;3,04;66,30
2018-08-01;2313252;60,99;2,87;63,86
2018-12-01;2313252;61,41;2,81;64,22
2019-04-01;2313252;61,16;2,74;63,90
2019-08-01;2313252;63,34;2,76;66,10
2019-12-01;2313252;62,95;2,61;65,56
2020-04-01;2313252;63,53;2,59;66,12
2020-08-01;2313252;63,00;2,53;65,53
2020-12-01;2313252;65,99;2,62;68,61
2021-04-01;2313252;63,37;2,58;65,95
2018-04-01;2313302;43,62;1,40;45,02
2018-08-01;2313302;41,22;1,46;42,68
2018-12-01;2313302;38,47;1,45;39,92
2019-04-01;2313302;56,82;2,14;58,96
2019-08-01;2313302;51,88;2,17;54,05
2019-12-01;2313302;50,44;2,15;52,59
2020-04-01;2313302;51,91;2,15;54,06
2020-08-01;2313302;49,73;1,98;51,71
2020-12-01;2313302;52,47;2,03;54,50
2021-04-01;2313302;47,01;1,84;48,85
2018-04-01;2313351;44,14;;
2018-08-01;2313351;42,58;2,40;44,98
2018-12-01;2313351;44,88;;
2019-04-01;2313351;45,43;2,16;47,59
2019-08-01;2313351;45,31;2,10;47,41
2019-12-01;2313351;50,26;2,04;52,30
2020-04-01;2313351;53,55;2,16;55,71
2020-08-01;2313351;51,92;2,10;54,02
2020-12-01;2313351;50,34;2,20;52,54
2021-04-01;2313351;50,04;2,10;52,14
2018-04-01;2313401;56,89;2,52;59,41
2018-08-01;2313401;54,89;2,58;57,47
2018-12-01;2313401;50,53;2,19;52,72
2019-04-01;2313401;16,27;2,10;18,37
2019-08-01;2313401;53,50;2,15;55,65
2019-12-01;2313401;52,08;2,30;54,38
2020-04-01;2313401;47,76;2,05;49,81
2020-08-01;2313401;48,70;1,81;50,51
2020-12-01;2313401;49,24;1,72;50,96
2021-04-01;2313401;51,08;1,78;52,86
2018-04-01;2313500;51,22;2,53;53,75
2018-08-01;2313500;45,63;2,37;48,00
2018-12-01;2313500;45,17;2,26;47,43
2019-04-01;2313500;45,11;2,15;47,26
2019-08-01;2313500;45,37;2,09;47,46
2019-12-01;2313500;47,62;2,13;49,75
2020-04-01;2313500;49,18;2,12;51,30
2020-08-01;2313500;48,45;2,09;50,54
2020-12-01;2313500;48,78;2,01;50,79
2021-04-01;2313500;48,37;1,92;50,29
2018-04-01;2313559;55,32;3,12;58,44
2018-08-01;2313559;51,87;3,06;54,93
2018-12-01;2313559;54,46;3,12;57,58
2019-04-01;2313559;58,68;3,18;61,86
2019-08-01;2313559;64,13;3,33;67,46
2019-12-01;2313559;61,65;3,20;64,85
2020-04-01;2313559;60,61;3,17;63,78
2020-08-01;2313559;58,64;3,00;61,64
2020-12-01;2313559;55,19;2,91;58,10
2021-04-01;2313559;53,65;2,70;56,35
2018-04-01;2313609;50,75;2,13;52,88
2018-08-01;2313609;47,96;1,99;49,95
2018-12-01;2313609;55,70;2,27;57,97
2019-04-01;2313609;54,58;2,01;56,59
2019-08-01;2313609;53,81;2,00;55,81
2019-12-01;2313609;56,09;2,02;58,11
2020-04-01;2313609;54,96;2,05;57,01
2020-08-01;2313609;53,95;1,98;55,93
2020-12-01;2313609;52,54;1,94;54,48
2021-04-01;2313609;48,70;1,77;50,47
2018-04-01;2313708;52,60;3,41;56,01
2018-08-01;2313708;54,18;3,41;57,59
2018-12-01;2313708;60,93;3,29;64,22
2019-04-01;2313708;62,29;3,27;65,56
2019-08-01;2313708;59,64;3,12;62,76
2019-12-01;2313708;58,72;3,09;61,81
2020-04-01;2313708;57,47;2,94;60,41
2020-08-01;2313708;54,70;2,69;57,39
2020-12-01;2313708;55,66;2,59;58,25
2021-04-01;2313708;53,13;2,36;55,49
2018-04-01;2313757;36,69;2,03;38,72
2018-08-01;2313757;52,78;2,66;55,44
2018-12-01;2313757;48,75;2,61;51,36
2019-04-01;2313757;55,12;2,64;57,76
2019-08-01;2313757;56,30;2,83;59,13
2019-12-01;2313757;58,72;2,86;61,58
2020-04-01;2313757;56,59;2,98;59,57
2020-08-01;2313757;53,53;2,71;56,24
2020-12-01;2313757;53,92;2,98;56,90
2021-04-01;2313757;49,50;2,56;52,06
2018-04-01;2313807;57,69;2,68;60,37
2018-08-01;2313807;54,89;2,58;57,47
2018-12-01;2313807;55,46;2,48;57,94
2019-04-01;2313807;57,55;2,36;59,91
2019-08-01;2313807;61,11;2,38;63,49
2019-12-01;2313807;59,47;2,38;61,85
2020-04-01;2313807;61,83;2,48;64,31
2020-08-01;2313807;60,06;2,48;62,54
2020-12-01;2313807;64,48;2,50;66,98
2021-04-01;2313807;58,25;2,45;60,70
2018-04-01;2313906;57,78;2,04;59,82
2018-08-01;2313906;54,48;1,94;56,42
2018-12-01;2313906;51,92;1,90;53,82
2019-04-01;2313906;50,37;1,84;52,21
2019-08-01;2313906;51,57;1,82;53,39
2019-12-01;2313906;49,93;1,78;51,71
2020-04-01;2313906;44,59;1,56;46,15
2020-08-01;2313906;49,57;1,56;51,13
2020-12-01;2313906;50,44;1,55;51,99
2019-04-01;2313955;47,97;2,29;50,26
2019-08-01;2313955;43,49;2,19;45,68
2019-12-01;2313955;49,42;2,06;51,48
2018-04-01;2314003;51,01;1,93;52,94
2018-08-01;2314003;49,15;1,96;51,11
2018-12-01;2314003;50,82;2,09;52,91
2019-04-01;2314003;50,29;2,07;52,36
2019-08-01;2314003;54,66;1,99;56,65
2019-12-01;2314003;53,08;2,00;55,08
2020-04-01;2314003;50,07;1,95;52,02
2020-08-01;2314003;47,60;1,97;49,57
2020-12-01;2314003;50,99;1,90;52,89
2021-04-01;2314003;48,46;1,77;50,23
2018-04-01;2314102;56,74;2,25;58,99
2018-08-01;2314102;54,25;2,11;56,36
2018-12-01;2314102;48,50;1,96;50,46
2019-04-01;2314102;44,69;1,85;46,54
2019-08-01;2314102;44,02;1,89;45,91
2019-12-01;2314102;48,42;2,05;50,47
2020-04-01;2314102;50,82;2,08;52,90
2020-08-01;2314102;51,87;2,05;53,92
2020-12-01;2314102;51,31;2,10;53,41
2021-04-01;2314102;49,27;1,97;51,24
